state,date,age,population
Johor,1/1/2017,0-4,296800
Johor,1/1/2017,5-9,286500
Johor,1/1/2017,10-14,300100
Johor,1/1/2017,15-19,325600
Johor,1/1/2017,20-24,353800
Johor,1/1/2017,25-29,342800
Johor,1/1/2017,30-34,323900
Johor,1/1/2017,35-39,276400
Johor,1/1/2017,40-44,233800
Johor,1/1/2017,45-49,215000
Johor,1/1/2017,50-54,194100
Johor,1/1/2017,55-59,167900
Johor,1/1/2017,60-64,132000
Johor,1/1/2017,65-69,98900
Johor,1/1/2017,70-74,64500
Johor,1/1/2017,75-79,42000
Johor,1/1/2017,80-84,23300
Johor,1/1/2017,85+,19600
Johor,1/1/2018,0-4,298900
Johor,1/1/2018,5-9,289800
Johor,1/1/2018,10-14,295700
Johor,1/1/2018,15-19,327600
Johor,1/1/2018,20-24,360900
Johor,1/1/2018,25-29,344800
Johor,1/1/2018,30-34,323400
Johor,1/1/2018,35-39,288300
Johor,1/1/2018,40-44,235900
Johor,1/1/2018,45-49,217900
Johor,1/1/2018,50-54,196600
Johor,1/1/2018,55-59,171900
Johor,1/1/2018,60-64,137900
Johor,1/1/2018,65-69,102400
Johor,1/1/2018,70-74,69700
Johor,1/1/2018,75-79,42000
Johor,1/1/2018,80-84,25700
Johor,1/1/2018,85+,20000
Johor,1/1/2019,0-4,301200
Johor,1/1/2019,5-9,290500
Johor,1/1/2019,10-14,290300
Johor,1/1/2019,15-19,325600
Johor,1/1/2019,20-24,361300
Johor,1/1/2019,25-29,338800
Johor,1/1/2019,30-34,318100
Johor,1/1/2019,35-39,294200
Johor,1/1/2019,40-44,238200
Johor,1/1/2019,45-49,218400
Johor,1/1/2019,50-54,197500
Johor,1/1/2019,55-59,174300
Johor,1/1/2019,60-64,142500
Johor,1/1/2019,65-69,105300
Johor,1/1/2019,70-74,74100
Johor,1/1/2019,75-79,42900
Johor,1/1/2019,80-84,27400
Johor,1/1/2019,85+,20600
Johor,1/1/2020,0-4,306300
Johor,1/1/2020,5-9,322300
Johor,1/1/2020,10-14,330700
Johor,1/1/2020,15-19,345200
Johor,1/1/2020,20-24,388900
Johor,1/1/2020,25-29,362600
Johor,1/1/2020,30-34,338100
Johor,1/1/2020,35-39,318100
Johor,1/1/2020,40-44,260100
Johor,1/1/2020,45-49,234300
Johor,1/1/2020,50-54,212100
Johor,1/1/2020,55-59,189100
Johor,1/1/2020,60-64,157200
Johor,1/1/2020,65-69,94900
Johor,1/1/2020,70-74,66000
Johor,1/1/2020,75-79,38100
Johor,1/1/2020,80-84,24700
Johor,1/1/2020,85+,20900
Johor,1/1/2021,0-4,296600
Johor,1/1/2021,5-9,318800
Johor,1/1/2021,10-14,333900
Johor,1/1/2021,15-19,335900
Johor,1/1/2021,20-24,391300
Johor,1/1/2021,25-29,361100
Johor,1/1/2021,30-34,335400
Johor,1/1/2021,35-39,319200
Johor,1/1/2021,40-44,267000
Johor,1/1/2021,45-49,235200
Johor,1/1/2021,50-54,214000
Johor,1/1/2021,55-59,191800
Johor,1/1/2021,60-64,161400
Johor,1/1/2021,65-69,104200
Johor,1/1/2021,70-74,68400
Johor,1/1/2021,75-79,39900
Johor,1/1/2021,80-84,25300
Johor,1/1/2021,85+,20800
Johor,1/1/2022,0-4,280700
Johor,1/1/2022,5-9,312800
Johor,1/1/2022,10-14,337400
Johor,1/1/2022,15-19,331900
Johor,1/1/2022,20-24,392600
Johor,1/1/2022,25-29,363800
Johor,1/1/2022,30-34,333600
Johor,1/1/2022,35-39,319000
Johor,1/1/2022,40-44,276200
Johor,1/1/2022,45-49,235900
Johor,1/1/2022,50-54,215600
Johor,1/1/2022,55-59,193900
Johor,1/1/2022,60-64,164800
Johor,1/1/2022,65-69,113900
Johor,1/1/2022,70-74,70300
Johor,1/1/2022,75-79,41800
Johor,1/1/2022,80-84,24500
Johor,1/1/2022,85+,19400
Kedah,1/1/2017,0-4,183000
Kedah,1/1/2017,5-9,178200
Kedah,1/1/2017,10-14,176100
Kedah,1/1/2017,15-19,212400
Kedah,1/1/2017,20-24,222100
Kedah,1/1/2017,25-29,187400
Kedah,1/1/2017,30-34,152800
Kedah,1/1/2017,35-39,131100
Kedah,1/1/2017,40-44,122600
Kedah,1/1/2017,45-49,118200
Kedah,1/1/2017,50-54,113900
Kedah,1/1/2017,55-59,102900
Kedah,1/1/2017,60-64,84400
Kedah,1/1/2017,65-69,63600
Kedah,1/1/2017,70-74,40400
Kedah,1/1/2017,75-79,28500
Kedah,1/1/2017,80-84,14700
Kedah,1/1/2017,85+,11500
Kedah,1/1/2018,0-4,182300
Kedah,1/1/2018,5-9,181300
Kedah,1/1/2018,10-14,172400
Kedah,1/1/2018,15-19,206300
Kedah,1/1/2018,20-24,226800
Kedah,1/1/2018,25-29,193600
Kedah,1/1/2018,30-34,155200
Kedah,1/1/2018,35-39,133500
Kedah,1/1/2018,40-44,122400
Kedah,1/1/2018,45-49,117900
Kedah,1/1/2018,50-54,113800
Kedah,1/1/2018,55-59,104500
Kedah,1/1/2018,60-64,87000
Kedah,1/1/2018,65-69,66100
Kedah,1/1/2018,70-74,43800
Kedah,1/1/2018,75-79,27600
Kedah,1/1/2018,80-84,16400
Kedah,1/1/2018,85+,11600
Kedah,1/1/2019,0-4,181400
Kedah,1/1/2019,5-9,181600
Kedah,1/1/2019,10-14,171700
Kedah,1/1/2019,15-19,199400
Kedah,1/1/2019,20-24,228100
Kedah,1/1/2019,25-29,198300
Kedah,1/1/2019,30-34,157200
Kedah,1/1/2019,35-39,135200
Kedah,1/1/2019,40-44,122100
Kedah,1/1/2019,45-49,117400
Kedah,1/1/2019,50-54,113500
Kedah,1/1/2019,55-59,105600
Kedah,1/1/2019,60-64,89400
Kedah,1/1/2019,65-69,68600
Kedah,1/1/2019,70-74,47000
Kedah,1/1/2019,75-79,27300
Kedah,1/1/2019,80-84,18200
Kedah,1/1/2019,85+,11900
Kedah,1/1/2020,0-4,181000
Kedah,1/1/2020,5-9,183400
Kedah,1/1/2020,10-14,174500
Kedah,1/1/2020,15-19,187400
Kedah,1/1/2020,20-24,219700
Kedah,1/1/2020,25-29,196700
Kedah,1/1/2020,30-34,154800
Kedah,1/1/2020,35-39,132800
Kedah,1/1/2020,40-44,117900
Kedah,1/1/2020,45-49,113300
Kedah,1/1/2020,50-54,109700
Kedah,1/1/2020,55-59,103000
Kedah,1/1/2020,60-64,88800
Kedah,1/1/2020,65-69,66700
Kedah,1/1/2020,70-74,45900
Kedah,1/1/2020,75-79,25900
Kedah,1/1/2020,80-84,17600
Kedah,1/1/2020,85+,12400
Kedah,1/1/2021,0-4,176900
Kedah,1/1/2021,5-9,183800
Kedah,1/1/2021,10-14,175800
Kedah,1/1/2021,15-19,181600
Kedah,1/1/2021,20-24,217700
Kedah,1/1/2021,25-29,203800
Kedah,1/1/2021,30-34,159400
Kedah,1/1/2021,35-39,135700
Kedah,1/1/2021,40-44,119100
Kedah,1/1/2021,45-49,113500
Kedah,1/1/2021,50-54,110000
Kedah,1/1/2021,55-59,104000
Kedah,1/1/2021,60-64,91200
Kedah,1/1/2021,65-69,70400
Kedah,1/1/2021,70-74,49100
Kedah,1/1/2021,75-79,27900
Kedah,1/1/2021,80-84,19200
Kedah,1/1/2021,85+,12600
Kedah,1/1/2022,0-4,173100
Kedah,1/1/2022,5-9,182000
Kedah,1/1/2022,10-14,178400
Kedah,1/1/2022,15-19,177400
Kedah,1/1/2022,20-24,213700
Kedah,1/1/2022,25-29,211200
Kedah,1/1/2022,30-34,165400
Kedah,1/1/2022,35-39,138700
Kedah,1/1/2022,40-44,120500
Kedah,1/1/2022,45-49,112800
Kedah,1/1/2022,50-54,109300
Kedah,1/1/2022,55-59,103600
Kedah,1/1/2022,60-64,92200
Kedah,1/1/2022,65-69,73000
Kedah,1/1/2022,70-74,50800
Kedah,1/1/2022,75-79,29800
Kedah,1/1/2022,80-84,18700
Kedah,1/1/2022,85+,12700
Kelantan,1/1/2017,0-4,195900
Kelantan,1/1/2017,5-9,183500
Kelantan,1/1/2017,10-14,175500
Kelantan,1/1/2017,15-19,193200
Kelantan,1/1/2017,20-24,205700
Kelantan,1/1/2017,25-29,156800
Kelantan,1/1/2017,30-34,112300
Kelantan,1/1/2017,35-39,96300
Kelantan,1/1/2017,40-44,86500
Kelantan,1/1/2017,45-49,86700
Kelantan,1/1/2017,50-54,85600
Kelantan,1/1/2017,55-59,77300
Kelantan,1/1/2017,60-64,59800
Kelantan,1/1/2017,65-69,46600
Kelantan,1/1/2017,70-74,30200
Kelantan,1/1/2017,75-79,19100
Kelantan,1/1/2017,80-84,9600
Kelantan,1/1/2017,85+,8300
Kelantan,1/1/2018,0-4,196100
Kelantan,1/1/2018,5-9,188300
Kelantan,1/1/2018,10-14,174500
Kelantan,1/1/2018,15-19,190000
Kelantan,1/1/2018,20-24,202900
Kelantan,1/1/2018,25-29,175700
Kelantan,1/1/2018,30-34,114700
Kelantan,1/1/2018,35-39,100600
Kelantan,1/1/2018,40-44,86400
Kelantan,1/1/2018,45-49,86400
Kelantan,1/1/2018,50-54,85300
Kelantan,1/1/2018,55-59,78900
Kelantan,1/1/2018,60-64,62500
Kelantan,1/1/2018,65-69,47500
Kelantan,1/1/2018,70-74,32700
Kelantan,1/1/2018,75-79,19600
Kelantan,1/1/2018,80-84,9800
Kelantan,1/1/2018,85+,8400
Kelantan,1/1/2019,0-4,194800
Kelantan,1/1/2019,5-9,191100
Kelantan,1/1/2019,10-14,175400
Kelantan,1/1/2019,15-19,187200
Kelantan,1/1/2019,20-24,198000
Kelantan,1/1/2019,25-29,190500
Kelantan,1/1/2019,30-34,119000
Kelantan,1/1/2019,35-39,103800
Kelantan,1/1/2019,40-44,86700
Kelantan,1/1/2019,45-49,85500
Kelantan,1/1/2019,50-54,84700
Kelantan,1/1/2019,55-59,79900
Kelantan,1/1/2019,60-64,65100
Kelantan,1/1/2019,65-69,48400
Kelantan,1/1/2019,70-74,35000
Kelantan,1/1/2019,75-79,19500
Kelantan,1/1/2019,80-84,10800
Kelantan,1/1/2019,85+,8500
Kelantan,1/1/2020,0-4,173800
Kelantan,1/1/2020,5-9,185500
Kelantan,1/1/2020,10-14,177900
Kelantan,1/1/2020,15-19,207200
Kelantan,1/1/2020,20-24,171600
Kelantan,1/1/2020,25-29,130100
Kelantan,1/1/2020,30-34,118200
Kelantan,1/1/2020,35-39,107500
Kelantan,1/1/2020,40-44,88200
Kelantan,1/1/2020,45-49,86600
Kelantan,1/1/2020,50-54,82100
Kelantan,1/1/2020,55-59,83500
Kelantan,1/1/2020,60-64,66300
Kelantan,1/1/2020,65-69,46800
Kelantan,1/1/2020,70-74,33000
Kelantan,1/1/2020,75-79,18500
Kelantan,1/1/2020,80-84,10100
Kelantan,1/1/2020,85+,5800
Kelantan,1/1/2021,0-4,173400
Kelantan,1/1/2021,5-9,183500
Kelantan,1/1/2021,10-14,182000
Kelantan,1/1/2021,15-19,200000
Kelantan,1/1/2021,20-24,179900
Kelantan,1/1/2021,25-29,136100
Kelantan,1/1/2021,30-34,118300
Kelantan,1/1/2021,35-39,110400
Kelantan,1/1/2021,40-44,90100
Kelantan,1/1/2021,45-49,84600
Kelantan,1/1/2021,50-54,82600
Kelantan,1/1/2021,55-59,81800
Kelantan,1/1/2021,60-64,69800
Kelantan,1/1/2021,65-69,50000
Kelantan,1/1/2021,70-74,34100
Kelantan,1/1/2021,75-79,19600
Kelantan,1/1/2021,80-84,10100
Kelantan,1/1/2021,85+,6000
Kelantan,1/1/2022,0-4,173100
Kelantan,1/1/2022,5-9,180300
Kelantan,1/1/2022,10-14,185700
Kelantan,1/1/2022,15-19,194700
Kelantan,1/1/2022,20-24,187700
Kelantan,1/1/2022,25-29,142500
Kelantan,1/1/2022,30-34,120500
Kelantan,1/1/2022,35-39,111900
Kelantan,1/1/2022,40-44,92800
Kelantan,1/1/2022,45-49,83500
Kelantan,1/1/2022,50-54,83000
Kelantan,1/1/2022,55-59,79800
Kelantan,1/1/2022,60-64,72500
Kelantan,1/1/2022,65-69,51800
Kelantan,1/1/2022,70-74,34900
Kelantan,1/1/2022,75-79,20300
Kelantan,1/1/2022,80-84,9900
Kelantan,1/1/2022,85+,5800
Melaka,1/1/2017,0-4,71900
Melaka,1/1/2017,5-9,68100
Melaka,1/1/2017,10-14,71500
Melaka,1/1/2017,15-19,77600
Melaka,1/1/2017,20-24,101100
Melaka,1/1/2017,25-29,95100
Melaka,1/1/2017,30-34,73700
Melaka,1/1/2017,35-39,58100
Melaka,1/1/2017,40-44,48100
Melaka,1/1/2017,45-49,49300
Melaka,1/1/2017,50-54,49200
Melaka,1/1/2017,55-59,43600
Melaka,1/1/2017,60-64,34700
Melaka,1/1/2017,65-69,28100
Melaka,1/1/2017,70-74,18800
Melaka,1/1/2017,75-79,12200
Melaka,1/1/2017,80-84,6400
Melaka,1/1/2017,85+,5600
Melaka,1/1/2018,0-4,72000
Melaka,1/1/2018,5-9,68800
Melaka,1/1/2018,10-14,70900
Melaka,1/1/2018,15-19,77000
Melaka,1/1/2018,20-24,97200
Melaka,1/1/2018,25-29,99600
Melaka,1/1/2018,30-34,75400
Melaka,1/1/2018,35-39,60900
Melaka,1/1/2018,40-44,48300
Melaka,1/1/2018,45-49,48400
Melaka,1/1/2018,50-54,49500
Melaka,1/1/2018,55-59,44700
Melaka,1/1/2018,60-64,35800
Melaka,1/1/2018,65-69,28500
Melaka,1/1/2018,70-74,20500
Melaka,1/1/2018,75-79,12200
Melaka,1/1/2018,80-84,7100
Melaka,1/1/2018,85+,5800
Melaka,1/1/2019,0-4,72100
Melaka,1/1/2019,5-9,69100
Melaka,1/1/2019,10-14,70200
Melaka,1/1/2019,15-19,76300
Melaka,1/1/2019,20-24,92600
Melaka,1/1/2019,25-29,102200
Melaka,1/1/2019,30-34,77100
Melaka,1/1/2019,35-39,63300
Melaka,1/1/2019,40-44,48800
Melaka,1/1/2019,45-49,47400
Melaka,1/1/2019,50-54,49500
Melaka,1/1/2019,55-59,45600
Melaka,1/1/2019,60-64,37100
Melaka,1/1/2019,65-69,28800
Melaka,1/1/2019,70-74,22100
Melaka,1/1/2019,75-79,12500
Melaka,1/1/2019,80-84,7700
Melaka,1/1/2019,85+,6000
Melaka,1/1/2020,0-4,83100
Melaka,1/1/2020,5-9,82200
Melaka,1/1/2020,10-14,68700
Melaka,1/1/2020,15-19,102600
Melaka,1/1/2020,20-24,91500
Melaka,1/1/2020,25-29,84400
Melaka,1/1/2020,30-34,101800
Melaka,1/1/2020,35-39,74300
Melaka,1/1/2020,40-44,83400
Melaka,1/1/2020,45-49,46100
Melaka,1/1/2020,50-54,40700
Melaka,1/1/2020,55-59,42400
Melaka,1/1/2020,60-64,34000
Melaka,1/1/2020,65-69,27400
Melaka,1/1/2020,70-74,17500
Melaka,1/1/2020,75-79,9100
Melaka,1/1/2020,80-84,5900
Melaka,1/1/2020,85+,3300
Melaka,1/1/2021,0-4,78700
Melaka,1/1/2021,5-9,85700
Melaka,1/1/2021,10-14,69700
Melaka,1/1/2021,15-19,96600
Melaka,1/1/2021,20-24,93800
Melaka,1/1/2021,25-29,87300
Melaka,1/1/2021,30-34,101000
Melaka,1/1/2021,35-39,75400
Melaka,1/1/2021,40-44,82300
Melaka,1/1/2021,45-49,51200
Melaka,1/1/2021,50-54,40300
Melaka,1/1/2021,55-59,41200
Melaka,1/1/2021,60-64,36300
Melaka,1/1/2021,65-69,28400
Melaka,1/1/2021,70-74,18000
Melaka,1/1/2021,75-79,9700
Melaka,1/1/2021,80-84,5700
Melaka,1/1/2021,85+,3300
Melaka,1/1/2022,0-4,74300
Melaka,1/1/2022,5-9,85100
Melaka,1/1/2022,10-14,75500
Melaka,1/1/2022,15-19,94800
Melaka,1/1/2022,20-24,92100
Melaka,1/1/2022,25-29,86800
Melaka,1/1/2022,30-34,103600
Melaka,1/1/2022,35-39,74300
Melaka,1/1/2022,40-44,79400
Melaka,1/1/2022,45-49,57500
Melaka,1/1/2022,50-54,41000
Melaka,1/1/2022,55-59,39400
Melaka,1/1/2022,60-64,37800
Melaka,1/1/2022,65-69,28700
Melaka,1/1/2022,70-74,19400
Melaka,1/1/2022,75-79,10000
Melaka,1/1/2022,80-84,5700
Melaka,1/1/2022,85+,3100
Negeri Sembilan,1/1/2017,0-4,89000
Negeri Sembilan,1/1/2017,5-9,81300
Negeri Sembilan,1/1/2017,10-14,91200
Negeri Sembilan,1/1/2017,15-19,104900
Negeri Sembilan,1/1/2017,20-24,117200
Negeri Sembilan,1/1/2017,25-29,108500
Negeri Sembilan,1/1/2017,30-34,89100
Negeri Sembilan,1/1/2017,35-39,70700
Negeri Sembilan,1/1/2017,40-44,62200
Negeri Sembilan,1/1/2017,45-49,58400
Negeri Sembilan,1/1/2017,50-54,57900
Negeri Sembilan,1/1/2017,55-59,55100
Negeri Sembilan,1/1/2017,60-64,46800
Negeri Sembilan,1/1/2017,65-69,33500
Negeri Sembilan,1/1/2017,70-74,20900
Negeri Sembilan,1/1/2017,75-79,14000
Negeri Sembilan,1/1/2017,80-84,7800
Negeri Sembilan,1/1/2017,85+,5400
Negeri Sembilan,1/1/2018,0-4,89700
Negeri Sembilan,1/1/2018,5-9,82000
Negeri Sembilan,1/1/2018,10-14,88000
Negeri Sembilan,1/1/2018,15-19,104700
Negeri Sembilan,1/1/2018,20-24,116100
Negeri Sembilan,1/1/2018,25-29,110400
Negeri Sembilan,1/1/2018,30-34,92800
Negeri Sembilan,1/1/2018,35-39,71600
Negeri Sembilan,1/1/2018,40-44,62600
Negeri Sembilan,1/1/2018,45-49,58500
Negeri Sembilan,1/1/2018,50-54,57400
Negeri Sembilan,1/1/2018,55-59,55000
Negeri Sembilan,1/1/2018,60-64,48000
Negeri Sembilan,1/1/2018,65-69,35500
Negeri Sembilan,1/1/2018,70-74,22500
Negeri Sembilan,1/1/2018,75-79,14000
Negeri Sembilan,1/1/2018,80-84,8400
Negeri Sembilan,1/1/2018,85+,5600
Negeri Sembilan,1/1/2019,0-4,89500
Negeri Sembilan,1/1/2019,5-9,82600
Negeri Sembilan,1/1/2019,10-14,84900
Negeri Sembilan,1/1/2019,15-19,103800
Negeri Sembilan,1/1/2019,20-24,113700
Negeri Sembilan,1/1/2019,25-29,110800
Negeri Sembilan,1/1/2019,30-34,95400
Negeri Sembilan,1/1/2019,35-39,73000
Negeri Sembilan,1/1/2019,40-44,62600
Negeri Sembilan,1/1/2019,45-49,58600
Negeri Sembilan,1/1/2019,50-54,56700
Negeri Sembilan,1/1/2019,55-59,55000
Negeri Sembilan,1/1/2019,60-64,48800
Negeri Sembilan,1/1/2019,65-69,37300
Negeri Sembilan,1/1/2019,70-74,24100
Negeri Sembilan,1/1/2019,75-79,14300
Negeri Sembilan,1/1/2019,80-84,9000
Negeri Sembilan,1/1/2019,85+,6000
Negeri Sembilan,1/1/2020,0-4,92400
Negeri Sembilan,1/1/2020,5-9,115800
Negeri Sembilan,1/1/2020,10-14,93900
Negeri Sembilan,1/1/2020,15-19,99600
Negeri Sembilan,1/1/2020,20-24,100800
Negeri Sembilan,1/1/2020,25-29,101300
Negeri Sembilan,1/1/2020,30-34,110700
Negeri Sembilan,1/1/2020,35-39,102600
Negeri Sembilan,1/1/2020,40-44,76300
Negeri Sembilan,1/1/2020,45-49,62800
Negeri Sembilan,1/1/2020,50-54,53800
Negeri Sembilan,1/1/2020,55-59,63000
Negeri Sembilan,1/1/2020,60-64,45700
Negeri Sembilan,1/1/2020,65-69,36800
Negeri Sembilan,1/1/2020,70-74,22900
Negeri Sembilan,1/1/2020,75-79,11200
Negeri Sembilan,1/1/2020,80-84,7100
Negeri Sembilan,1/1/2020,85+,3400
Negeri Sembilan,1/1/2021,0-4,85200
Negeri Sembilan,1/1/2021,5-9,117300
Negeri Sembilan,1/1/2021,10-14,98400
Negeri Sembilan,1/1/2021,15-19,97400
Negeri Sembilan,1/1/2021,20-24,103200
Negeri Sembilan,1/1/2021,25-29,96900
Negeri Sembilan,1/1/2021,30-34,107900
Negeri Sembilan,1/1/2021,35-39,105100
Negeri Sembilan,1/1/2021,40-44,78500
Negeri Sembilan,1/1/2021,45-49,64800
Negeri Sembilan,1/1/2021,50-54,53400
Negeri Sembilan,1/1/2021,55-59,60500
Negeri Sembilan,1/1/2021,60-64,49500
Negeri Sembilan,1/1/2021,65-69,38200
Negeri Sembilan,1/1/2021,70-74,25000
Negeri Sembilan,1/1/2021,75-79,12000
Negeri Sembilan,1/1/2021,80-84,7400
Negeri Sembilan,1/1/2021,85+,3400
Negeri Sembilan,1/1/2022,0-4,81500
Negeri Sembilan,1/1/2022,5-9,114300
Negeri Sembilan,1/1/2022,10-14,103600
Negeri Sembilan,1/1/2022,15-19,96400
Negeri Sembilan,1/1/2022,20-24,104500
Negeri Sembilan,1/1/2022,25-29,94200
Negeri Sembilan,1/1/2022,30-34,108000
Negeri Sembilan,1/1/2022,35-39,105100
Negeri Sembilan,1/1/2022,40-44,82600
Negeri Sembilan,1/1/2022,45-49,64700
Negeri Sembilan,1/1/2022,50-54,54800
Negeri Sembilan,1/1/2022,55-59,56500
Negeri Sembilan,1/1/2022,60-64,53500
Negeri Sembilan,1/1/2022,65-69,38400
Negeri Sembilan,1/1/2022,70-74,26800
Negeri Sembilan,1/1/2022,75-79,12600
Negeri Sembilan,1/1/2022,80-84,7500
Negeri Sembilan,1/1/2022,85+,3000
Pahang,1/1/2017,0-4,140400
Pahang,1/1/2017,5-9,141000
Pahang,1/1/2017,10-14,144900
Pahang,1/1/2017,15-19,153200
Pahang,1/1/2017,20-24,169400
Pahang,1/1/2017,25-29,156500
Pahang,1/1/2017,30-34,141100
Pahang,1/1/2017,35-39,113400
Pahang,1/1/2017,40-44,87600
Pahang,1/1/2017,45-49,81300
Pahang,1/1/2017,50-54,78200
Pahang,1/1/2017,55-59,71800
Pahang,1/1/2017,60-64,57500
Pahang,1/1/2017,65-69,46000
Pahang,1/1/2017,70-74,29100
Pahang,1/1/2017,75-79,18200
Pahang,1/1/2017,80-84,9600
Pahang,1/1/2017,85+,7900
Pahang,1/1/2018,0-4,140200
Pahang,1/1/2018,5-9,139600
Pahang,1/1/2018,10-14,144100
Pahang,1/1/2018,15-19,151700
Pahang,1/1/2018,20-24,168200
Pahang,1/1/2018,25-29,164200
Pahang,1/1/2018,30-34,139400
Pahang,1/1/2018,35-39,122400
Pahang,1/1/2018,40-44,87400
Pahang,1/1/2018,45-49,81400
Pahang,1/1/2018,50-54,77800
Pahang,1/1/2018,55-59,72800
Pahang,1/1/2018,60-64,59700
Pahang,1/1/2018,65-69,46500
Pahang,1/1/2018,70-74,32300
Pahang,1/1/2018,75-79,17900
Pahang,1/1/2018,80-84,10800
Pahang,1/1/2018,85+,8300
Pahang,1/1/2019,0-4,139100
Pahang,1/1/2019,5-9,137400
Pahang,1/1/2019,10-14,143600
Pahang,1/1/2019,15-19,149600
Pahang,1/1/2019,20-24,164900
Pahang,1/1/2019,25-29,168500
Pahang,1/1/2019,30-34,137300
Pahang,1/1/2019,35-39,128600
Pahang,1/1/2019,40-44,88200
Pahang,1/1/2019,45-49,81000
Pahang,1/1/2019,50-54,77200
Pahang,1/1/2019,55-59,73400
Pahang,1/1/2019,60-64,61700
Pahang,1/1/2019,65-69,47100
Pahang,1/1/2019,70-74,35300
Pahang,1/1/2019,75-79,18000
Pahang,1/1/2019,80-84,11800
Pahang,1/1/2019,85+,8800
Pahang,1/1/2020,0-4,135300
Pahang,1/1/2020,5-9,139800
Pahang,1/1/2020,10-14,149500
Pahang,1/1/2020,15-19,157000
Pahang,1/1/2020,20-24,122200
Pahang,1/1/2020,25-29,121300
Pahang,1/1/2020,30-34,133700
Pahang,1/1/2020,35-39,137200
Pahang,1/1/2020,40-44,120100
Pahang,1/1/2020,45-49,89000
Pahang,1/1/2020,50-54,69600
Pahang,1/1/2020,55-59,66700
Pahang,1/1/2020,60-64,49600
Pahang,1/1/2020,65-69,38600
Pahang,1/1/2020,70-74,29600
Pahang,1/1/2020,75-79,14800
Pahang,1/1/2020,80-84,9600
Pahang,1/1/2020,85+,7700
Pahang,1/1/2021,0-4,131300
Pahang,1/1/2021,5-9,139700
Pahang,1/1/2021,10-14,147400
Pahang,1/1/2021,15-19,160000
Pahang,1/1/2021,20-24,127200
Pahang,1/1/2021,25-29,119300
Pahang,1/1/2021,30-34,129900
Pahang,1/1/2021,35-39,136500
Pahang,1/1/2021,40-44,124800
Pahang,1/1/2021,45-49,91300
Pahang,1/1/2021,50-54,71400
Pahang,1/1/2021,55-59,64800
Pahang,1/1/2021,60-64,53900
Pahang,1/1/2021,65-69,39100
Pahang,1/1/2021,70-74,30900
Pahang,1/1/2021,75-79,16000
Pahang,1/1/2021,80-84,10000
Pahang,1/1/2021,85+,8100
Pahang,1/1/2022,0-4,127200
Pahang,1/1/2022,5-9,138200
Pahang,1/1/2022,10-14,146000
Pahang,1/1/2022,15-19,163600
Pahang,1/1/2022,20-24,131300
Pahang,1/1/2022,25-29,119500
Pahang,1/1/2022,30-34,129600
Pahang,1/1/2022,35-39,134000
Pahang,1/1/2022,40-44,129100
Pahang,1/1/2022,45-49,94200
Pahang,1/1/2022,50-54,74600
Pahang,1/1/2022,55-59,63400
Pahang,1/1/2022,60-64,56600
Pahang,1/1/2022,65-69,39800
Pahang,1/1/2022,70-74,31300
Pahang,1/1/2022,75-79,17700
Pahang,1/1/2022,80-84,9800
Pahang,1/1/2022,85+,8300
Perak,1/1/2017,0-4,174700
Perak,1/1/2017,5-9,175500
Perak,1/1/2017,10-14,203400
Perak,1/1/2017,15-19,238800
Perak,1/1/2017,20-24,253000
Perak,1/1/2017,25-29,226500
Perak,1/1/2017,30-34,174600
Perak,1/1/2017,35-39,142100
Perak,1/1/2017,40-44,133200
Perak,1/1/2017,45-49,137000
Perak,1/1/2017,50-54,140700
Perak,1/1/2017,55-59,133200
Perak,1/1/2017,60-64,114000
Perak,1/1/2017,65-69,94800
Perak,1/1/2017,70-74,64400
Perak,1/1/2017,75-79,44300
Perak,1/1/2017,80-84,26600
Perak,1/1/2017,85+,16400
Perak,1/1/2018,0-4,172900
Perak,1/1/2018,5-9,175400
Perak,1/1/2018,10-14,193600
Perak,1/1/2018,15-19,234700
Perak,1/1/2018,20-24,253400
Perak,1/1/2018,25-29,233700
Perak,1/1/2018,30-34,184300
Perak,1/1/2018,35-39,143400
Perak,1/1/2018,40-44,132800
Perak,1/1/2018,45-49,133600
Perak,1/1/2018,50-54,139200
Perak,1/1/2018,55-59,133700
Perak,1/1/2018,60-64,116600
Perak,1/1/2018,65-69,96300
Perak,1/1/2018,70-74,69700
Perak,1/1/2018,75-79,43300
Perak,1/1/2018,80-84,29000
Perak,1/1/2018,85+,17700
Perak,1/1/2019,0-4,171600
Perak,1/1/2019,5-9,172500
Perak,1/1/2019,10-14,186000
Perak,1/1/2019,15-19,229300
Perak,1/1/2019,20-24,251900
Perak,1/1/2019,25-29,239500
Perak,1/1/2019,30-34,193200
Perak,1/1/2019,35-39,146000
Perak,1/1/2019,40-44,132400
Perak,1/1/2019,45-49,130200
Perak,1/1/2019,50-54,137200
Perak,1/1/2019,55-59,133800
Perak,1/1/2019,60-64,119100
Perak,1/1/2019,65-69,97800
Perak,1/1/2019,70-74,74500
Perak,1/1/2019,75-79,43800
Perak,1/1/2019,80-84,30900
Perak,1/1/2019,85+,19100
Perak,1/1/2020,0-4,170200
Perak,1/1/2020,5-9,210300
Perak,1/1/2020,10-14,198200
Perak,1/1/2020,15-19,222500
Perak,1/1/2020,20-24,220000
Perak,1/1/2020,25-29,187400
Perak,1/1/2020,30-34,189900
Perak,1/1/2020,35-39,192300
Perak,1/1/2020,40-44,168200
Perak,1/1/2020,45-49,135400
Perak,1/1/2020,50-54,128700
Perak,1/1/2020,55-59,138100
Perak,1/1/2020,60-64,111700
Perak,1/1/2020,65-69,90400
Perak,1/1/2020,70-74,63700
Perak,1/1/2020,75-79,34300
Perak,1/1/2020,80-84,22300
Perak,1/1/2020,85+,12600
Perak,1/1/2021,0-4,164600
Perak,1/1/2021,5-9,204300
Perak,1/1/2021,10-14,205000
Perak,1/1/2021,15-19,218800
Perak,1/1/2021,20-24,226800
Perak,1/1/2021,25-29,192800
Perak,1/1/2021,30-34,185400
Perak,1/1/2021,35-39,194500
Perak,1/1/2021,40-44,171800
Perak,1/1/2021,45-49,139300
Perak,1/1/2021,50-54,127100
Perak,1/1/2021,55-59,133800
Perak,1/1/2021,60-64,117300
Perak,1/1/2021,65-69,94100
Perak,1/1/2021,70-74,67400
Perak,1/1/2021,75-79,36700
Perak,1/1/2021,80-84,22700
Perak,1/1/2021,85+,13300
Perak,1/1/2022,0-4,158400
Perak,1/1/2022,5-9,195400
Perak,1/1/2022,10-14,210900
Perak,1/1/2022,15-19,216800
Perak,1/1/2022,20-24,228200
Perak,1/1/2022,25-29,197700
Perak,1/1/2022,30-34,183000
Perak,1/1/2022,35-39,191600
Perak,1/1/2022,40-44,176200
Perak,1/1/2022,45-49,140000
Perak,1/1/2022,50-54,126600
Perak,1/1/2022,55-59,127300
Perak,1/1/2022,60-64,122600
Perak,1/1/2022,65-69,95200
Perak,1/1/2022,70-74,69800
Perak,1/1/2022,75-79,39100
Perak,1/1/2022,80-84,23400
Perak,1/1/2022,85+,12200
Perlis,1/1/2017,0-4,21400
Perlis,1/1/2017,5-9,20900
Perlis,1/1/2017,10-14,19600
Perlis,1/1/2017,15-19,20600
Perlis,1/1/2017,20-24,28200
Perlis,1/1/2017,25-29,25800
Perlis,1/1/2017,30-34,18900
Perlis,1/1/2017,35-39,14100
Perlis,1/1/2017,40-44,12100
Perlis,1/1/2017,45-49,12400
Perlis,1/1/2017,50-54,13400
Perlis,1/1/2017,55-59,12400
Perlis,1/1/2017,60-64,10600
Perlis,1/1/2017,65-69,8300
Perlis,1/1/2017,70-74,5600
Perlis,1/1/2017,75-79,3800
Perlis,1/1/2017,80-84,2100
Perlis,1/1/2017,85+,1800
Perlis,1/1/2018,0-4,21700
Perlis,1/1/2018,5-9,20800
Perlis,1/1/2018,10-14,19400
Perlis,1/1/2018,15-19,20500
Perlis,1/1/2018,20-24,25600
Perlis,1/1/2018,25-29,27900
Perlis,1/1/2018,30-34,19800
Perlis,1/1/2018,35-39,14800
Perlis,1/1/2018,40-44,12100
Perlis,1/1/2018,45-49,11900
Perlis,1/1/2018,50-54,13400
Perlis,1/1/2018,55-59,12500
Perlis,1/1/2018,60-64,10800
Perlis,1/1/2018,65-69,8600
Perlis,1/1/2018,70-74,6000
Perlis,1/1/2018,75-79,3800
Perlis,1/1/2018,80-84,2300
Perlis,1/1/2018,85+,1800
Perlis,1/1/2019,0-4,21900
Perlis,1/1/2019,5-9,20600
Perlis,1/1/2019,10-14,19500
Perlis,1/1/2019,15-19,20300
Perlis,1/1/2019,20-24,23000
Perlis,1/1/2019,25-29,29200
Perlis,1/1/2019,30-34,20800
Perlis,1/1/2019,35-39,15500
Perlis,1/1/2019,40-44,12100
Perlis,1/1/2019,45-49,11300
Perlis,1/1/2019,50-54,13100
Perlis,1/1/2019,55-59,12600
Perlis,1/1/2019,60-64,11000
Perlis,1/1/2019,65-69,8800
Perlis,1/1/2019,70-74,6300
Perlis,1/1/2019,75-79,3800
Perlis,1/1/2019,80-84,2500
Perlis,1/1/2019,85+,1800
Perlis,1/1/2020,0-4,19100
Perlis,1/1/2020,5-9,19400
Perlis,1/1/2020,10-14,19700
Perlis,1/1/2020,15-19,37100
Perlis,1/1/2020,20-24,32300
Perlis,1/1/2020,25-29,20900
Perlis,1/1/2020,30-34,19600
Perlis,1/1/2020,35-39,19300
Perlis,1/1/2020,40-44,25900
Perlis,1/1/2020,45-49,13100
Perlis,1/1/2020,50-54,12500
Perlis,1/1/2020,55-59,13000
Perlis,1/1/2020,60-64,10500
Perlis,1/1/2020,65-69,9300
Perlis,1/1/2020,70-74,6000
Perlis,1/1/2020,75-79,3500
Perlis,1/1/2020,80-84,2200
Perlis,1/1/2020,85+,1400
Perlis,1/1/2021,0-4,19200
Perlis,1/1/2021,5-9,19400
Perlis,1/1/2021,10-14,18700
Perlis,1/1/2021,15-19,35400
Perlis,1/1/2021,20-24,33700
Perlis,1/1/2021,25-29,23000
Perlis,1/1/2021,30-34,18700
Perlis,1/1/2021,35-39,20400
Perlis,1/1/2021,40-44,24900
Perlis,1/1/2021,45-49,15200
Perlis,1/1/2021,50-54,12200
Perlis,1/1/2021,55-59,12700
Perlis,1/1/2021,60-64,11100
Perlis,1/1/2021,65-69,9500
Perlis,1/1/2021,70-74,6400
Perlis,1/1/2021,75-79,3600
Perlis,1/1/2021,80-84,2100
Perlis,1/1/2021,85+,1400
Perlis,1/1/2022,0-4,19500
Perlis,1/1/2022,5-9,19100
Perlis,1/1/2022,10-14,18900
Perlis,1/1/2022,15-19,31900
Perlis,1/1/2022,20-24,34900
Perlis,1/1/2022,25-29,25400
Perlis,1/1/2022,30-34,19100
Perlis,1/1/2022,35-39,20300
Perlis,1/1/2022,40-44,23900
Perlis,1/1/2022,45-49,17400
Perlis,1/1/2022,50-54,12200
Perlis,1/1/2022,55-59,12300
Perlis,1/1/2022,60-64,11500
Perlis,1/1/2022,65-69,9300
Perlis,1/1/2022,70-74,6800
Perlis,1/1/2022,75-79,3700
Perlis,1/1/2022,80-84,2300
Perlis,1/1/2022,85+,1200
Penang,1/1/2017,0-4,111800
Penang,1/1/2017,5-9,112800
Penang,1/1/2017,10-14,118600
Penang,1/1/2017,15-19,134100
Penang,1/1/2017,20-24,172100
Penang,1/1/2017,25-29,173100
Penang,1/1/2017,30-34,159300
Penang,1/1/2017,35-39,133500
Penang,1/1/2017,40-44,118400
Penang,1/1/2017,45-49,110200
Penang,1/1/2017,50-54,98900
Penang,1/1/2017,55-59,86600
Penang,1/1/2017,60-64,73000
Penang,1/1/2017,65-69,57500
Penang,1/1/2017,70-74,38300
Penang,1/1/2017,75-79,24200
Penang,1/1/2017,80-84,13000
Penang,1/1/2017,85+,8300
Penang,1/1/2018,0-4,111200
Penang,1/1/2018,5-9,113300
Penang,1/1/2018,10-14,116700
Penang,1/1/2018,15-19,132300
Penang,1/1/2018,20-24,172200
Penang,1/1/2018,25-29,176900
Penang,1/1/2018,30-34,159300
Penang,1/1/2018,35-39,139500
Penang,1/1/2018,40-44,118400
Penang,1/1/2018,45-49,111600
Penang,1/1/2018,50-54,100900
Penang,1/1/2018,55-59,87800
Penang,1/1/2018,60-64,75400
Penang,1/1/2018,65-69,58600
Penang,1/1/2018,70-74,41500
Penang,1/1/2018,75-79,24400
Penang,1/1/2018,80-84,14500
Penang,1/1/2018,85+,8300
Penang,1/1/2019,0-4,109700
Penang,1/1/2019,5-9,112300
Penang,1/1/2019,10-14,115200
Penang,1/1/2019,15-19,130100
Penang,1/1/2019,20-24,169000
Penang,1/1/2019,25-29,177800
Penang,1/1/2019,30-34,157100
Penang,1/1/2019,35-39,144500
Penang,1/1/2019,40-44,118400
Penang,1/1/2019,45-49,112200
Penang,1/1/2019,50-54,102600
Penang,1/1/2019,55-59,89100
Penang,1/1/2019,60-64,77400
Penang,1/1/2019,65-69,59800
Penang,1/1/2019,70-74,44400
Penang,1/1/2019,75-79,25100
Penang,1/1/2019,80-84,15700
Penang,1/1/2019,85+,8500
Penang,1/1/2020,0-4,117600
Penang,1/1/2020,5-9,117000
Penang,1/1/2020,10-14,115200
Penang,1/1/2020,15-19,127700
Penang,1/1/2020,20-24,162300
Penang,1/1/2020,25-29,175000
Penang,1/1/2020,30-34,153700
Penang,1/1/2020,35-39,147600
Penang,1/1/2020,40-44,119800
Penang,1/1/2020,45-49,113300
Penang,1/1/2020,50-54,105000
Penang,1/1/2020,55-59,91400
Penang,1/1/2020,60-64,79800
Penang,1/1/2020,65-69,52300
Penang,1/1/2020,70-74,32000
Penang,1/1/2020,75-79,16500
Penang,1/1/2020,80-84,9200
Penang,1/1/2020,85+,5100
Penang,1/1/2021,0-4,113300
Penang,1/1/2021,5-9,117300
Penang,1/1/2021,10-14,112300
Penang,1/1/2021,15-19,124800
Penang,1/1/2021,20-24,158200
Penang,1/1/2021,25-29,174100
Penang,1/1/2021,30-34,152500
Penang,1/1/2021,35-39,149000
Penang,1/1/2021,40-44,122300
Penang,1/1/2021,45-49,113200
Penang,1/1/2021,50-54,106300
Penang,1/1/2021,55-59,93100
Penang,1/1/2021,60-64,80900
Penang,1/1/2021,65-69,57700
Penang,1/1/2021,70-74,33900
Penang,1/1/2021,75-79,17200
Penang,1/1/2021,80-84,9100
Penang,1/1/2021,85+,4600
Penang,1/1/2022,0-4,109800
Penang,1/1/2022,5-9,114800
Penang,1/1/2022,10-14,112000
Penang,1/1/2022,15-19,122500
Penang,1/1/2022,20-24,154900
Penang,1/1/2022,25-29,173100
Penang,1/1/2022,30-34,153600
Penang,1/1/2022,35-39,148900
Penang,1/1/2022,40-44,126500
Penang,1/1/2022,45-49,112600
Penang,1/1/2022,50-54,107400
Penang,1/1/2022,55-59,94700
Penang,1/1/2022,60-64,81600
Penang,1/1/2022,65-69,61700
Penang,1/1/2022,70-74,36500
Penang,1/1/2022,75-79,17600
Penang,1/1/2022,80-84,9400
Penang,1/1/2022,85+,3400
Sabah,1/1/2017,0-4,308300
Sabah,1/1/2017,5-9,311000
Sabah,1/1/2017,10-14,312500
Sabah,1/1/2017,15-19,438000
Sabah,1/1/2017,20-24,475000
Sabah,1/1/2017,25-29,479500
Sabah,1/1/2017,30-34,369400
Sabah,1/1/2017,35-39,292100
Sabah,1/1/2017,40-44,218500
Sabah,1/1/2017,45-49,178600
Sabah,1/1/2017,50-54,149600
Sabah,1/1/2017,55-59,118100
Sabah,1/1/2017,60-64,82000
Sabah,1/1/2017,65-69,50500
Sabah,1/1/2017,70-74,32500
Sabah,1/1/2017,75-79,20600
Sabah,1/1/2017,80-84,10400
Sabah,1/1/2017,85+,9400
Sabah,1/1/2018,0-4,301500
Sabah,1/1/2018,5-9,310200
Sabah,1/1/2018,10-14,312000
Sabah,1/1/2018,15-19,440800
Sabah,1/1/2018,20-24,473100
Sabah,1/1/2018,25-29,489600
Sabah,1/1/2018,30-34,370400
Sabah,1/1/2018,35-39,308400
Sabah,1/1/2018,40-44,221500
Sabah,1/1/2018,45-49,181000
Sabah,1/1/2018,50-54,151400
Sabah,1/1/2018,55-59,121800
Sabah,1/1/2018,60-64,88000
Sabah,1/1/2018,65-69,54200
Sabah,1/1/2018,70-74,33400
Sabah,1/1/2018,75-79,21200
Sabah,1/1/2018,80-84,10900
Sabah,1/1/2018,85+,9000
Sabah,1/1/2019,0-4,299000
Sabah,1/1/2019,5-9,301500
Sabah,1/1/2019,10-14,311300
Sabah,1/1/2019,15-19,438700
Sabah,1/1/2019,20-24,465200
Sabah,1/1/2019,25-29,490400
Sabah,1/1/2019,30-34,368700
Sabah,1/1/2019,35-39,318500
Sabah,1/1/2019,40-44,224600
Sabah,1/1/2019,45-49,182100
Sabah,1/1/2019,50-54,152100
Sabah,1/1/2019,55-59,124600
Sabah,1/1/2019,60-64,93200
Sabah,1/1/2019,65-69,58100
Sabah,1/1/2019,70-74,34500
Sabah,1/1/2019,75-79,21800
Sabah,1/1/2019,80-84,11400
Sabah,1/1/2019,85+,8800
Sabah,1/1/2020,0-4,291200
Sabah,1/1/2020,5-9,280800
Sabah,1/1/2020,10-14,335100
Sabah,1/1/2020,15-19,351400
Sabah,1/1/2020,20-24,349500
Sabah,1/1/2020,25-29,374300
Sabah,1/1/2020,30-34,302500
Sabah,1/1/2020,35-39,276200
Sabah,1/1/2020,40-44,191800
Sabah,1/1/2020,45-49,155300
Sabah,1/1/2020,50-54,128800
Sabah,1/1/2020,55-59,105200
Sabah,1/1/2020,60-64,84700
Sabah,1/1/2020,65-69,87600
Sabah,1/1/2020,70-74,46600
Sabah,1/1/2020,75-79,28400
Sabah,1/1/2020,80-84,15000
Sabah,1/1/2020,85+,14400
Sabah,1/1/2021,0-4,280400
Sabah,1/1/2021,5-9,289300
Sabah,1/1/2021,10-14,313100
Sabah,1/1/2021,15-19,351700
Sabah,1/1/2021,20-24,347900
Sabah,1/1/2021,25-29,367600
Sabah,1/1/2021,30-34,303900
Sabah,1/1/2021,35-39,279800
Sabah,1/1/2021,40-44,201200
Sabah,1/1/2021,45-49,156900
Sabah,1/1/2021,50-54,130700
Sabah,1/1/2021,55-59,107500
Sabah,1/1/2021,60-64,86800
Sabah,1/1/2021,65-69,88800
Sabah,1/1/2021,70-74,48800
Sabah,1/1/2021,75-79,29000
Sabah,1/1/2021,80-84,15200
Sabah,1/1/2021,85+,13900
Sabah,1/1/2022,0-4,272600
Sabah,1/1/2022,5-9,286200
Sabah,1/1/2022,10-14,297200
Sabah,1/1/2022,15-19,353000
Sabah,1/1/2022,20-24,351300
Sabah,1/1/2022,25-29,362600
Sabah,1/1/2022,30-34,307300
Sabah,1/1/2022,35-39,280700
Sabah,1/1/2022,40-44,213800
Sabah,1/1/2022,45-49,158300
Sabah,1/1/2022,50-54,132600
Sabah,1/1/2022,55-59,109600
Sabah,1/1/2022,60-64,88400
Sabah,1/1/2022,65-69,89600
Sabah,1/1/2022,70-74,52300
Sabah,1/1/2022,75-79,29900
Sabah,1/1/2022,80-84,15900
Sabah,1/1/2022,85+,13900
Sarawak,1/1/2017,0-4,199300
Sarawak,1/1/2017,5-9,221400
Sarawak,1/1/2017,10-14,244100
Sarawak,1/1/2017,15-19,257600
Sarawak,1/1/2017,20-24,287000
Sarawak,1/1/2017,25-29,269200
Sarawak,1/1/2017,30-34,218500
Sarawak,1/1/2017,35-39,183000
Sarawak,1/1/2017,40-44,166400
Sarawak,1/1/2017,45-49,159200
Sarawak,1/1/2017,50-54,144600
Sarawak,1/1/2017,55-59,123500
Sarawak,1/1/2017,60-64,99900
Sarawak,1/1/2017,65-69,72800
Sarawak,1/1/2017,70-74,51000
Sarawak,1/1/2017,75-79,32000
Sarawak,1/1/2017,80-84,19600
Sarawak,1/1/2017,85+,17300
Sarawak,1/1/2018,0-4,193600
Sarawak,1/1/2018,5-9,217300
Sarawak,1/1/2018,10-14,240500
Sarawak,1/1/2018,15-19,259000
Sarawak,1/1/2018,20-24,285900
Sarawak,1/1/2018,25-29,278200
Sarawak,1/1/2018,30-34,223500
Sarawak,1/1/2018,35-39,189200
Sarawak,1/1/2018,40-44,164400
Sarawak,1/1/2018,45-49,160200
Sarawak,1/1/2018,50-54,146600
Sarawak,1/1/2018,55-59,127700
Sarawak,1/1/2018,60-64,103300
Sarawak,1/1/2018,65-69,76300
Sarawak,1/1/2018,70-74,53400
Sarawak,1/1/2018,75-79,34300
Sarawak,1/1/2018,80-84,19900
Sarawak,1/1/2018,85+,18300
Sarawak,1/1/2019,0-4,191000
Sarawak,1/1/2019,5-9,208500
Sarawak,1/1/2019,10-14,236600
Sarawak,1/1/2019,15-19,261100
Sarawak,1/1/2019,20-24,281600
Sarawak,1/1/2019,25-29,283100
Sarawak,1/1/2019,30-34,227800
Sarawak,1/1/2019,35-39,194800
Sarawak,1/1/2019,40-44,161700
Sarawak,1/1/2019,45-49,160800
Sarawak,1/1/2019,50-54,148700
Sarawak,1/1/2019,55-59,131500
Sarawak,1/1/2019,60-64,106100
Sarawak,1/1/2019,65-69,80500
Sarawak,1/1/2019,70-74,56100
Sarawak,1/1/2019,75-79,36800
Sarawak,1/1/2019,80-84,20200
Sarawak,1/1/2019,85+,19200
Sarawak,1/1/2020,0-4,155800
Sarawak,1/1/2020,5-9,182700
Sarawak,1/1/2020,10-14,201800
Sarawak,1/1/2020,15-19,213100
Sarawak,1/1/2020,20-24,210800
Sarawak,1/1/2020,25-29,222600
Sarawak,1/1/2020,30-34,211000
Sarawak,1/1/2020,35-39,188000
Sarawak,1/1/2020,40-44,164300
Sarawak,1/1/2020,45-49,153500
Sarawak,1/1/2020,50-54,138700
Sarawak,1/1/2020,55-59,128600
Sarawak,1/1/2020,60-64,98000
Sarawak,1/1/2020,65-69,76400
Sarawak,1/1/2020,70-74,50000
Sarawak,1/1/2020,75-79,30300
Sarawak,1/1/2020,80-84,16700
Sarawak,1/1/2020,85+,11400
Sarawak,1/1/2021,0-4,155600
Sarawak,1/1/2021,5-9,177000
Sarawak,1/1/2021,10-14,199900
Sarawak,1/1/2021,15-19,211600
Sarawak,1/1/2021,20-24,211800
Sarawak,1/1/2021,25-29,221500
Sarawak,1/1/2021,30-34,211500
Sarawak,1/1/2021,35-39,191700
Sarawak,1/1/2021,40-44,166800
Sarawak,1/1/2021,45-49,152800
Sarawak,1/1/2021,50-54,138600
Sarawak,1/1/2021,55-59,129400
Sarawak,1/1/2021,60-64,104000
Sarawak,1/1/2021,65-69,80100
Sarawak,1/1/2021,70-74,52400
Sarawak,1/1/2021,75-79,32200
Sarawak,1/1/2021,80-84,17300
Sarawak,1/1/2021,85+,11200
Sarawak,1/1/2022,0-4,152000
Sarawak,1/1/2022,5-9,172100
Sarawak,1/1/2022,10-14,197200
Sarawak,1/1/2022,15-19,211100
Sarawak,1/1/2022,20-24,212300
Sarawak,1/1/2022,25-29,219300
Sarawak,1/1/2022,30-34,216200
Sarawak,1/1/2022,35-39,192700
Sarawak,1/1/2022,40-44,171200
Sarawak,1/1/2022,45-49,150800
Sarawak,1/1/2022,50-54,142600
Sarawak,1/1/2022,55-59,127100
Sarawak,1/1/2022,60-64,110400
Sarawak,1/1/2022,65-69,81500
Sarawak,1/1/2022,70-74,56300
Sarawak,1/1/2022,75-79,32200
Sarawak,1/1/2022,80-84,18400
Sarawak,1/1/2022,85+,10200
Selangor,1/1/2017,0-4,533600
Selangor,1/1/2017,5-9,494400
Selangor,1/1/2017,10-14,473400
Selangor,1/1/2017,15-19,461500
Selangor,1/1/2017,20-24,564700
Selangor,1/1/2017,25-29,703400
Selangor,1/1/2017,30-34,712500
Selangor,1/1/2017,35-39,569600
Selangor,1/1/2017,40-44,443700
Selangor,1/1/2017,45-49,370700
Selangor,1/1/2017,50-54,311700
Selangor,1/1/2017,55-59,250700
Selangor,1/1/2017,60-64,184800
Selangor,1/1/2017,65-69,138000
Selangor,1/1/2017,70-74,81800
Selangor,1/1/2017,75-79,44700
Selangor,1/1/2017,80-84,22600
Selangor,1/1/2017,85+,19000
Selangor,1/1/2018,0-4,530100
Selangor,1/1/2018,5-9,509500
Selangor,1/1/2018,10-14,473400
Selangor,1/1/2018,15-19,469900
Selangor,1/1/2018,20-24,560900
Selangor,1/1/2018,25-29,675400
Selangor,1/1/2018,30-34,719000
Selangor,1/1/2018,35-39,601500
Selangor,1/1/2018,40-44,452900
Selangor,1/1/2018,45-49,382400
Selangor,1/1/2018,50-54,319800
Selangor,1/1/2018,55-59,261500
Selangor,1/1/2018,60-64,195000
Selangor,1/1/2018,65-69,142600
Selangor,1/1/2018,70-74,92300
Selangor,1/1/2018,75-79,45000
Selangor,1/1/2018,80-84,25000
Selangor,1/1/2018,85+,18800
Selangor,1/1/2019,0-4,523800
Selangor,1/1/2019,5-9,513600
Selangor,1/1/2019,10-14,473000
Selangor,1/1/2019,15-19,476300
Selangor,1/1/2019,20-24,551100
Selangor,1/1/2019,25-29,635300
Selangor,1/1/2019,30-34,711200
Selangor,1/1/2019,35-39,624600
Selangor,1/1/2019,40-44,462400
Selangor,1/1/2019,45-49,391700
Selangor,1/1/2019,50-54,326300
Selangor,1/1/2019,55-59,270600
Selangor,1/1/2019,60-64,204800
Selangor,1/1/2019,65-69,146900
Selangor,1/1/2019,70-74,101800
Selangor,1/1/2019,75-79,47100
Selangor,1/1/2019,80-84,27100
Selangor,1/1/2019,85+,18600
Selangor,1/1/2020,0-4,532400
Selangor,1/1/2020,5-9,541100
Selangor,1/1/2020,10-14,476100
Selangor,1/1/2020,15-19,526700
Selangor,1/1/2020,20-24,561100
Selangor,1/1/2020,25-29,624100
Selangor,1/1/2020,30-34,738700
Selangor,1/1/2020,35-39,681700
Selangor,1/1/2020,40-44,509000
Selangor,1/1/2020,45-49,429300
Selangor,1/1/2020,50-54,358700
Selangor,1/1/2020,55-59,301100
Selangor,1/1/2020,60-64,231800
Selangor,1/1/2020,65-69,208100
Selangor,1/1/2020,70-74,142200
Selangor,1/1/2020,75-79,66300
Selangor,1/1/2020,80-84,36500
Selangor,1/1/2020,85+,29500
Selangor,1/1/2021,0-4,515500
Selangor,1/1/2021,5-9,540300
Selangor,1/1/2021,10-14,475800
Selangor,1/1/2021,15-19,520000
Selangor,1/1/2021,20-24,561200
Selangor,1/1/2021,25-29,593700
Selangor,1/1/2021,30-34,715800
Selangor,1/1/2021,35-39,697200
Selangor,1/1/2021,40-44,532600
Selangor,1/1/2021,45-49,437700
Selangor,1/1/2021,50-54,368200
Selangor,1/1/2021,55-59,309500
Selangor,1/1/2021,60-64,242900
Selangor,1/1/2021,65-69,209200
Selangor,1/1/2021,70-74,152200
Selangor,1/1/2021,75-79,74400
Selangor,1/1/2021,80-84,38800
Selangor,1/1/2021,85+,29900
Selangor,1/1/2022,0-4,500800
Selangor,1/1/2022,5-9,533900
Selangor,1/1/2022,10-14,482000
Selangor,1/1/2022,15-19,511500
Selangor,1/1/2022,20-24,568600
Selangor,1/1/2022,25-29,577200
Selangor,1/1/2022,30-34,686200
Selangor,1/1/2022,35-39,709300
Selangor,1/1/2022,40-44,563500
Selangor,1/1/2022,45-49,445200
Selangor,1/1/2022,50-54,378500
Selangor,1/1/2022,55-59,316200
Selangor,1/1/2022,60-64,252700
Selangor,1/1/2022,65-69,211100
Selangor,1/1/2022,70-74,159000
Selangor,1/1/2022,75-79,85000
Selangor,1/1/2022,80-84,39400
Selangor,1/1/2022,85+,30400
Terengganu,1/1/2017,0-4,133100
Terengganu,1/1/2017,5-9,119700
Terengganu,1/1/2017,10-14,114600
Terengganu,1/1/2017,15-19,121000
Terengganu,1/1/2017,20-24,128000
Terengganu,1/1/2017,25-29,114800
Terengganu,1/1/2017,30-34,87000
Terengganu,1/1/2017,35-39,66600
Terengganu,1/1/2017,40-44,59400
Terengganu,1/1/2017,45-49,56900
Terengganu,1/1/2017,50-54,55500
Terengganu,1/1/2017,55-59,48900
Terengganu,1/1/2017,60-64,37000
Terengganu,1/1/2017,65-69,27000
Terengganu,1/1/2017,70-74,17400
Terengganu,1/1/2017,75-79,11500
Terengganu,1/1/2017,80-84,4900
Terengganu,1/1/2017,85+,4600
Terengganu,1/1/2018,0-4,135800
Terengganu,1/1/2018,5-9,122700
Terengganu,1/1/2018,10-14,113600
Terengganu,1/1/2018,15-19,121600
Terengganu,1/1/2018,20-24,125700
Terengganu,1/1/2018,25-29,118500
Terengganu,1/1/2018,30-34,92100
Terengganu,1/1/2018,35-39,69200
Terengganu,1/1/2018,40-44,59700
Terengganu,1/1/2018,45-49,57100
Terengganu,1/1/2018,50-54,55400
Terengganu,1/1/2018,55-59,50200
Terengganu,1/1/2018,60-64,38800
Terengganu,1/1/2018,65-69,27700
Terengganu,1/1/2018,70-74,18500
Terengganu,1/1/2018,75-79,11900
Terengganu,1/1/2018,80-84,5200
Terengganu,1/1/2018,85+,4700
Terengganu,1/1/2019,0-4,137500
Terengganu,1/1/2019,5-9,124800
Terengganu,1/1/2019,10-14,113900
Terengganu,1/1/2019,15-19,121500
Terengganu,1/1/2019,20-24,123100
Terengganu,1/1/2019,25-29,120800
Terengganu,1/1/2019,30-34,96600
Terengganu,1/1/2019,35-39,72000
Terengganu,1/1/2019,40-44,60200
Terengganu,1/1/2019,45-49,57000
Terengganu,1/1/2019,50-54,55200
Terengganu,1/1/2019,55-59,51100
Terengganu,1/1/2019,60-64,40400
Terengganu,1/1/2019,65-69,28600
Terengganu,1/1/2019,70-74,19500
Terengganu,1/1/2019,75-79,12100
Terengganu,1/1/2019,80-84,5500
Terengganu,1/1/2019,85+,4800
Terengganu,1/1/2020,0-4,109400
Terengganu,1/1/2020,5-9,109600
Terengganu,1/1/2020,10-14,110100
Terengganu,1/1/2020,15-19,112800
Terengganu,1/1/2020,20-24,107700
Terengganu,1/1/2020,25-29,92100
Terengganu,1/1/2020,30-34,90100
Terengganu,1/1/2020,35-39,86500
Terengganu,1/1/2020,40-44,67100
Terengganu,1/1/2020,45-49,58900
Terengganu,1/1/2020,50-54,52300
Terengganu,1/1/2020,55-59,50500
Terengganu,1/1/2020,60-64,39100
Terengganu,1/1/2020,65-69,27400
Terengganu,1/1/2020,70-74,17000
Terengganu,1/1/2020,75-79,10300
Terengganu,1/1/2020,80-84,6000
Terengganu,1/1/2020,85+,2600
Terengganu,1/1/2021,0-4,112000
Terengganu,1/1/2021,5-9,108900
Terengganu,1/1/2021,10-14,112800
Terengganu,1/1/2021,15-19,109600
Terengganu,1/1/2021,20-24,114100
Terengganu,1/1/2021,25-29,93000
Terengganu,1/1/2021,30-34,90300
Terengganu,1/1/2021,35-39,88500
Terengganu,1/1/2021,40-44,71100
Terengganu,1/1/2021,45-49,59100
Terengganu,1/1/2021,50-54,53300
Terengganu,1/1/2021,55-59,50100
Terengganu,1/1/2021,60-64,41000
Terengganu,1/1/2021,65-69,29500
Terengganu,1/1/2021,70-74,17700
Terengganu,1/1/2021,75-79,11300
Terengganu,1/1/2021,80-84,5700
Terengganu,1/1/2021,85+,2800
Terengganu,1/1/2022,0-4,115400
Terengganu,1/1/2022,5-9,105900
Terengganu,1/1/2022,10-14,115500
Terengganu,1/1/2022,15-19,110000
Terengganu,1/1/2022,20-24,116700
Terengganu,1/1/2022,25-29,94400
Terengganu,1/1/2022,30-34,91300
Terengganu,1/1/2022,35-39,88500
Terengganu,1/1/2022,40-44,74600
Terengganu,1/1/2022,45-49,59400
Terengganu,1/1/2022,50-54,54400
Terengganu,1/1/2022,55-59,49400
Terengganu,1/1/2022,60-64,42500
Terengganu,1/1/2022,65-69,30500
Terengganu,1/1/2022,70-74,18500
Terengganu,1/1/2022,75-79,11500
Terengganu,1/1/2022,80-84,5300
Terengganu,1/1/2022,85+,2900
Kuala Lumpur,1/1/2017,0-4,131000
Kuala Lumpur,1/1/2017,5-9,118400
Kuala Lumpur,1/1/2017,10-14,119500
Kuala Lumpur,1/1/2017,15-19,119000
Kuala Lumpur,1/1/2017,20-24,154900
Kuala Lumpur,1/1/2017,25-29,185400
Kuala Lumpur,1/1/2017,30-34,186200
Kuala Lumpur,1/1/2017,35-39,167700
Kuala Lumpur,1/1/2017,40-44,129900
Kuala Lumpur,1/1/2017,45-49,112900
Kuala Lumpur,1/1/2017,50-54,103700
Kuala Lumpur,1/1/2017,55-59,85100
Kuala Lumpur,1/1/2017,60-64,64100
Kuala Lumpur,1/1/2017,65-69,48000
Kuala Lumpur,1/1/2017,70-74,31900
Kuala Lumpur,1/1/2017,75-79,19200
Kuala Lumpur,1/1/2017,80-84,9400
Kuala Lumpur,1/1/2017,85+,6800
Kuala Lumpur,1/1/2018,0-4,126300
Kuala Lumpur,1/1/2018,5-9,119100
Kuala Lumpur,1/1/2018,10-14,118600
Kuala Lumpur,1/1/2018,15-19,121400
Kuala Lumpur,1/1/2018,20-24,147800
Kuala Lumpur,1/1/2018,25-29,179400
Kuala Lumpur,1/1/2018,30-34,179000
Kuala Lumpur,1/1/2018,35-39,172000
Kuala Lumpur,1/1/2018,40-44,134300
Kuala Lumpur,1/1/2018,45-49,111800
Kuala Lumpur,1/1/2018,50-54,104500
Kuala Lumpur,1/1/2018,55-59,87800
Kuala Lumpur,1/1/2018,60-64,66600
Kuala Lumpur,1/1/2018,65-69,49600
Kuala Lumpur,1/1/2018,70-74,34400
Kuala Lumpur,1/1/2018,75-79,19900
Kuala Lumpur,1/1/2018,80-84,10600
Kuala Lumpur,1/1/2018,85+,6800
Kuala Lumpur,1/1/2019,0-4,125400
Kuala Lumpur,1/1/2019,5-9,116000
Kuala Lumpur,1/1/2019,10-14,117700
Kuala Lumpur,1/1/2019,15-19,123500
Kuala Lumpur,1/1/2019,20-24,140700
Kuala Lumpur,1/1/2019,25-29,171700
Kuala Lumpur,1/1/2019,30-34,172500
Kuala Lumpur,1/1/2019,35-39,173200
Kuala Lumpur,1/1/2019,40-44,138900
Kuala Lumpur,1/1/2019,45-49,111300
Kuala Lumpur,1/1/2019,50-54,104600
Kuala Lumpur,1/1/2019,55-59,90300
Kuala Lumpur,1/1/2019,60-64,69100
Kuala Lumpur,1/1/2019,65-69,51300
Kuala Lumpur,1/1/2019,70-74,36700
Kuala Lumpur,1/1/2019,75-79,21100
Kuala Lumpur,1/1/2019,80-84,11600
Kuala Lumpur,1/1/2019,85+,7000
Kuala Lumpur,1/1/2020,0-4,129100
Kuala Lumpur,1/1/2020,5-9,125900
Kuala Lumpur,1/1/2020,10-14,140800
Kuala Lumpur,1/1/2020,15-19,134800
Kuala Lumpur,1/1/2020,20-24,116200
Kuala Lumpur,1/1/2020,25-29,183700
Kuala Lumpur,1/1/2020,30-34,224300
Kuala Lumpur,1/1/2020,35-39,250900
Kuala Lumpur,1/1/2020,40-44,187700
Kuala Lumpur,1/1/2020,45-49,143500
Kuala Lumpur,1/1/2020,50-54,85900
Kuala Lumpur,1/1/2020,55-59,78000
Kuala Lumpur,1/1/2020,60-64,50900
Kuala Lumpur,1/1/2020,65-69,52200
Kuala Lumpur,1/1/2020,70-74,37500
Kuala Lumpur,1/1/2020,75-79,21600
Kuala Lumpur,1/1/2020,80-84,11500
Kuala Lumpur,1/1/2020,85+,7500
Kuala Lumpur,1/1/2021,0-4,120800
Kuala Lumpur,1/1/2021,5-9,128000
Kuala Lumpur,1/1/2021,10-14,134100
Kuala Lumpur,1/1/2021,15-19,142800
Kuala Lumpur,1/1/2021,20-24,112900
Kuala Lumpur,1/1/2021,25-29,166400
Kuala Lumpur,1/1/2021,30-34,217200
Kuala Lumpur,1/1/2021,35-39,246000
Kuala Lumpur,1/1/2021,40-44,196900
Kuala Lumpur,1/1/2021,45-49,145200
Kuala Lumpur,1/1/2021,50-54,90200
Kuala Lumpur,1/1/2021,55-59,74200
Kuala Lumpur,1/1/2021,60-64,57900
Kuala Lumpur,1/1/2021,65-69,49500
Kuala Lumpur,1/1/2021,70-74,39000
Kuala Lumpur,1/1/2021,75-79,23200
Kuala Lumpur,1/1/2021,80-84,12300
Kuala Lumpur,1/1/2021,85+,7500
Kuala Lumpur,1/1/2022,0-4,115400
Kuala Lumpur,1/1/2022,5-9,126200
Kuala Lumpur,1/1/2022,10-14,129900
Kuala Lumpur,1/1/2022,15-19,150900
Kuala Lumpur,1/1/2022,20-24,111000
Kuala Lumpur,1/1/2022,25-29,152900
Kuala Lumpur,1/1/2022,30-34,215500
Kuala Lumpur,1/1/2022,35-39,234800
Kuala Lumpur,1/1/2022,40-44,208300
Kuala Lumpur,1/1/2022,45-49,150700
Kuala Lumpur,1/1/2022,50-54,98200
Kuala Lumpur,1/1/2022,55-59,72300
Kuala Lumpur,1/1/2022,60-64,62400
Kuala Lumpur,1/1/2022,65-69,47300
Kuala Lumpur,1/1/2022,70-74,40300
Kuala Lumpur,1/1/2022,75-79,25000
Kuala Lumpur,1/1/2022,80-84,12500
Kuala Lumpur,1/1/2022,85+,7500
Labuan,1/1/2017,0-4,9100
Labuan,1/1/2017,5-9,8900
Labuan,1/1/2017,10-14,8700
Labuan,1/1/2017,15-19,8000
Labuan,1/1/2017,20-24,8500
Labuan,1/1/2017,25-29,9200
Labuan,1/1/2017,30-34,11000
Labuan,1/1/2017,35-39,8700
Labuan,1/1/2017,40-44,5900
Labuan,1/1/2017,45-49,5200
Labuan,1/1/2017,50-54,4500
Labuan,1/1/2017,55-59,3700
Labuan,1/1/2017,60-64,2600
Labuan,1/1/2017,65-69,1500
Labuan,1/1/2017,70-74,900
Labuan,1/1/2017,75-79,500
Labuan,1/1/2017,80-84,300
Labuan,1/1/2017,85+,500
Labuan,1/1/2018,0-4,9000
Labuan,1/1/2018,5-9,8800
Labuan,1/1/2018,10-14,8700
Labuan,1/1/2018,15-19,8100
Labuan,1/1/2018,20-24,8300
Labuan,1/1/2018,25-29,9200
Labuan,1/1/2018,30-34,10300
Labuan,1/1/2018,35-39,9900
Labuan,1/1/2018,40-44,5900
Labuan,1/1/2018,45-49,5400
Labuan,1/1/2018,50-54,4600
Labuan,1/1/2018,55-59,3800
Labuan,1/1/2018,60-64,2800
Labuan,1/1/2018,65-69,1700
Labuan,1/1/2018,70-74,1000
Labuan,1/1/2018,75-79,600
Labuan,1/1/2018,80-84,300
Labuan,1/1/2018,85+,500
Labuan,1/1/2019,0-4,9000
Labuan,1/1/2019,5-9,8500
Labuan,1/1/2019,10-14,8800
Labuan,1/1/2019,15-19,8200
Labuan,1/1/2019,20-24,8100
Labuan,1/1/2019,25-29,9100
Labuan,1/1/2019,30-34,9500
Labuan,1/1/2019,35-39,10700
Labuan,1/1/2019,40-44,6100
Labuan,1/1/2019,45-49,5400
Labuan,1/1/2019,50-54,4600
Labuan,1/1/2019,55-59,4000
Labuan,1/1/2019,60-64,3000
Labuan,1/1/2019,65-69,1800
Labuan,1/1/2019,70-74,1100
Labuan,1/1/2019,75-79,600
Labuan,1/1/2019,80-84,300
Labuan,1/1/2019,85+,500
Labuan,1/1/2020,0-4,10000
Labuan,1/1/2020,5-9,8200
Labuan,1/1/2020,10-14,7800
Labuan,1/1/2020,15-19,8700
Labuan,1/1/2020,20-24,8100
Labuan,1/1/2020,25-29,8700
Labuan,1/1/2020,30-34,8600
Labuan,1/1/2020,35-39,10000
Labuan,1/1/2020,40-44,5400
Labuan,1/1/2020,45-49,4700
Labuan,1/1/2020,50-54,4300
Labuan,1/1/2020,55-59,3800
Labuan,1/1/2020,60-64,2700
Labuan,1/1/2020,65-69,1700
Labuan,1/1/2020,70-74,1000
Labuan,1/1/2020,75-79,500
Labuan,1/1/2020,80-84,400
Labuan,1/1/2020,85+,400
Labuan,1/1/2021,0-4,9800
Labuan,1/1/2021,5-9,8600
Labuan,1/1/2021,10-14,7800
Labuan,1/1/2021,15-19,7500
Labuan,1/1/2021,20-24,9000
Labuan,1/1/2021,25-29,8600
Labuan,1/1/2021,30-34,8300
Labuan,1/1/2021,35-39,10300
Labuan,1/1/2021,40-44,6100
Labuan,1/1/2021,45-49,4900
Labuan,1/1/2021,50-54,4100
Labuan,1/1/2021,55-59,3900
Labuan,1/1/2021,60-64,2900
Labuan,1/1/2021,65-69,1800
Labuan,1/1/2021,70-74,1100
Labuan,1/1/2021,75-79,500
Labuan,1/1/2021,80-84,300
Labuan,1/1/2021,85+,400
Labuan,1/1/2022,0-4,9000
Labuan,1/1/2022,5-9,9500
Labuan,1/1/2022,10-14,7900
Labuan,1/1/2022,15-19,7600
Labuan,1/1/2022,20-24,8600
Labuan,1/1/2022,25-29,8500
Labuan,1/1/2022,30-34,8300
Labuan,1/1/2022,35-39,10000
Labuan,1/1/2022,40-44,7000
Labuan,1/1/2022,45-49,4900
Labuan,1/1/2022,50-54,4100
Labuan,1/1/2022,55-59,3900
Labuan,1/1/2022,60-64,3000
Labuan,1/1/2022,65-69,2000
Labuan,1/1/2022,70-74,1200
Labuan,1/1/2022,75-79,600
Labuan,1/1/2022,80-84,300
Labuan,1/1/2022,85+,500
Putrajaya,1/1/2017,0-4,14400
Putrajaya,1/1/2017,5-9,12200
Putrajaya,1/1/2017,10-14,7000
Putrajaya,1/1/2017,15-19,5600
Putrajaya,1/1/2017,20-24,4100
Putrajaya,1/1/2017,25-29,4800
Putrajaya,1/1/2017,30-34,11300
Putrajaya,1/1/2017,35-39,11100
Putrajaya,1/1/2017,40-44,5000
Putrajaya,1/1/2017,45-49,3300
Putrajaya,1/1/2017,50-54,3000
Putrajaya,1/1/2017,55-59,3000
Putrajaya,1/1/2017,60-64,1800
Putrajaya,1/1/2017,65-69,600
Putrajaya,1/1/2017,70-74,200
Putrajaya,1/1/2017,75-79,100
Putrajaya,1/1/2017,80-84,100
Putrajaya,1/1/2017,85+,200
Putrajaya,1/1/2018,0-4,13900
Putrajaya,1/1/2018,5-9,13700
Putrajaya,1/1/2018,10-14,7800
Putrajaya,1/1/2018,15-19,6300
Putrajaya,1/1/2018,20-24,7400
Putrajaya,1/1/2018,25-29,4600
Putrajaya,1/1/2018,30-34,10100
Putrajaya,1/1/2018,35-39,13400
Putrajaya,1/1/2018,40-44,6000
Putrajaya,1/1/2018,45-49,3600
Putrajaya,1/1/2018,50-54,3500
Putrajaya,1/1/2018,55-59,3300
Putrajaya,1/1/2018,60-64,2200
Putrajaya,1/1/2018,65-69,900
Putrajaya,1/1/2018,70-74,200
Putrajaya,1/1/2018,75-79,100
Putrajaya,1/1/2018,80-84,100
Putrajaya,1/1/2018,85+,100
Putrajaya,1/1/2019,0-4,13200
Putrajaya,1/1/2019,5-9,14700
Putrajaya,1/1/2019,10-14,9000
Putrajaya,1/1/2019,15-19,6800
Putrajaya,1/1/2019,20-24,8900
Putrajaya,1/1/2019,25-29,4700
Putrajaya,1/1/2019,30-34,8500
Putrajaya,1/1/2019,35-39,14900
Putrajaya,1/1/2019,40-44,7300
Putrajaya,1/1/2019,45-49,4000
Putrajaya,1/1/2019,50-54,3800
Putrajaya,1/1/2019,55-59,3500
Putrajaya,1/1/2019,60-64,2600
Putrajaya,1/1/2019,65-69,1100
Putrajaya,1/1/2019,70-74,300
Putrajaya,1/1/2019,75-79,100
Putrajaya,1/1/2019,80-84,100
Putrajaya,1/1/2019,85+,100
Putrajaya,1/1/2020,0-4,12900
Putrajaya,1/1/2020,5-9,17300
Putrajaya,1/1/2020,10-14,11300
Putrajaya,1/1/2020,15-19,5900
Putrajaya,1/1/2020,20-24,4200
Putrajaya,1/1/2020,25-29,6400
Putrajaya,1/1/2020,30-34,11400
Putrajaya,1/1/2020,35-39,17600
Putrajaya,1/1/2020,40-44,9400
Putrajaya,1/1/2020,45-49,4500
Putrajaya,1/1/2020,50-54,3000
Putrajaya,1/1/2020,55-59,2300
Putrajaya,1/1/2020,60-64,1400
Putrajaya,1/1/2020,65-69,800
Putrajaya,1/1/2020,70-74,400
Putrajaya,1/1/2020,75-79,200
Putrajaya,1/1/2020,80-84,100
Putrajaya,1/1/2020,85+,100
Putrajaya,1/1/2021,0-4,12400
Putrajaya,1/1/2021,5-9,17600
Putrajaya,1/1/2021,10-14,13300
Putrajaya,1/1/2021,15-19,7000
Putrajaya,1/1/2021,20-24,4200
Putrajaya,1/1/2021,25-29,6400
Putrajaya,1/1/2021,30-34,10100
Putrajaya,1/1/2021,35-39,18200
Putrajaya,1/1/2021,40-44,11700
Putrajaya,1/1/2021,45-49,5300
Putrajaya,1/1/2021,50-54,3300
Putrajaya,1/1/2021,55-59,2500
Putrajaya,1/1/2021,60-64,1600
Putrajaya,1/1/2021,65-69,900
Putrajaya,1/1/2021,70-74,500
Putrajaya,1/1/2021,75-79,200
Putrajaya,1/1/2021,80-84,100
Putrajaya,1/1/2021,85+,100
Putrajaya,1/1/2022,0-4,11500
Putrajaya,1/1/2022,5-9,16900
Putrajaya,1/1/2022,10-14,14900
Putrajaya,1/1/2022,15-19,7800
Putrajaya,1/1/2022,20-24,4400
Putrajaya,1/1/2022,25-29,5900
Putrajaya,1/1/2022,30-34,8800
Putrajaya,1/1/2022,35-39,17300
Putrajaya,1/1/2022,40-44,13600
Putrajaya,1/1/2022,45-49,6100
Putrajaya,1/1/2022,50-54,3500
Putrajaya,1/1/2022,55-59,2700
Putrajaya,1/1/2022,60-64,1800
Putrajaya,1/1/2022,65-69,1000
Putrajaya,1/1/2022,70-74,500
Putrajaya,1/1/2022,75-79,200
Putrajaya,1/1/2022,80-84,100
Putrajaya,1/1/2022,85+,100
